0.5506286025047302,0.9838842153549194,-7.398722345897113e-07,0.5174936056137085,0.9760923981666565,0.008714697323739529,0.4849521517753601,0.9624451994895935,0.008209451101720333,0.45309334993362427,0.9599454998970032,0.002789390506222844,0.42778855562210083,0.9621948599815369,-0.0027269329875707626,0.468911349773407,0.8806079626083374,0.013798517175018787,0.41544651985168457,0.9306579828262329,-0.0032508797012269497,0.4245167374610901,0.9765598177909851,-0.016986902803182602,0.450855553150177,0.9970982074737549,-0.02287827804684639,0.4663694202899933,0.8749826550483704,0.003947109449654818,0.4074241816997528,0.9404023885726929,-0.011879589408636093,0.42671069502830505,0.9850105047225952,-0.020911898463964462,0.4570656716823578,0.9976365566253662,-0.023667119443416595,0.46245405077934265,0.877039909362793,-0.006927834823727608,0.40437018871307373,0.9449124336242676,-0.021283971145749092,0.4301243722438812,0.9852948188781738,-0.02159540168941021,0.4618894159793854,0.9903202056884766,-0.017950404435396194,0.4594354033470154,0.885944664478302,-0.01715841144323349,0.4129379391670227,0.9395001530647278,-0.0285148024559021,0.43209537863731384,0.9712645411491394,-0.02575242705643177,0.4594763219356537,0.9756755232810974,-0.019586537033319473
0.536700963973999,0.9659191370010376,-4.564190589917416e-07,0.48206380009651184,0.9700635671615601,0.0016640633111819625,0.441930890083313,0.950817883014679,-0.0005822925013490021,0.4160647690296173,0.9363362193107605,-0.005169798620045185,0.39727628231048584,0.9219192862510681,-0.006487120874226093,0.45068010687828064,0.8474631309509277,0.013257295824587345,0.39945900440216064,0.9049914479255676,-0.007977470755577087,0.41519054770469666,0.9395726919174194,-0.025079717859625816,0.43838703632354736,0.9460530877113342,-0.03251265361905098,0.4532831907272339,0.8444124460220337,0.006773165427148342,0.39528077840805054,0.9088656306266785,-0.012372261844575405,0.4179437756538391,0.9434367418289185,-0.02066953480243683,0.44280076026916504,0.9445957541465759,-0.021490508690476418,0.45222601294517517,0.8474680781364441,-0.002065925858914852,0.3957952857017517,0.9089193940162659,-0.015712784603238106,0.41829875111579895,0.9434027075767517,-0.010301219299435616,0.44154122471809387,0.9426530003547668,-0.0025323955342173576,0.45158132910728455,0.8559727072715759,-0.011808435432612896,0.4076842963695526,0.9053992033004761,-0.019836120307445526,0.42526283860206604,0.9354923963546753,-0.013560658320784569,0.4448844790458679,0.9365204572677612,-0.004336840473115444
0.5209828019142151,0.9645816087722778,-5.491608021657157e-07,0.4747644066810608,0.9616415500640869,0.004587109666317701,0.44396916031837463,0.9328166246414185,0.004964997060596943,0.42623576521873474,0.9101628661155701,0.0012148751411587,0.41001519560813904,0.8940396308898926,0.0006399241974577308,0.4417257308959961,0.8363552093505859,0.023743627592921257,0.39337974786758423,0.8940087556838989,-0.0018151733092963696,0.4137287735939026,0.9315385222434998,-0.021956531330943108,0.4416651427745819,0.9385989308357239,-0.030165553092956543,0.44171345233917236,0.831171452999115,0.014888293109834194,0.38561081886291504,0.897450864315033,-0.009283358231186867,0.4123506247997284,0.9377302527427673,-0.020203551277518272,0.44213607907295227,0.9409173130989075,-0.020458675920963287,0.4395183324813843,0.830420732498169,0.002698630793020129,0.38527223467826843,0.8937931060791016,-0.015315217897295952,0.4112800359725952,0.9327919483184814,-0.012554673478007317,0.4384583830833435,0.931423008441925,-0.004434830043464899,0.43930619955062866,0.8325657844543457,-0.010503672063350677,0.3990158140659332,0.8836571574211121,-0.020074471831321716,0.4176989495754242,0.9168617725372314,-0.015572592616081238,0.43950724601745605,0.9184630513191223,-0.006517732050269842
0.5032950043678284,0.9544975161552429,-5.214762381910987e-07,0.46066564321517944,0.9692163467407227,0.006524550262838602,0.43766045570373535,0.9540750980377197,0.004717736039310694,0.4239654242992401,0.9454240798950195,-0.0033199749886989594,0.416001558303833,0.9323540925979614,-0.008723130449652672,0.437514066696167,0.8368950486183167,0.028049008920788765,0.38664859533309937,0.8821958303451538,0.0029130885377526283,0.4083499014377594,0.9179369211196899,-0.01781996339559555,0.4360887408256531,0.9262809157371521,-0.027442777529358864,0.4373905062675476,0.8233810663223267,0.01529909111559391,0.3770456910133362,0.8790838718414307,-0.010845798999071121,0.40665963292121887,0.9210609793663025,-0.024502919986844063,0.43662405014038086,0.9233042597770691,-0.02625098265707493,0.43433278799057007,0.8117754459381104,-0.0010022398782894015,0.37504878640174866,0.8699256181716919,-0.020423784852027893,0.4044927656650543,0.910346508026123,-0.019748017191886902,0.43207040429115295,0.9063385128974915,-0.012701965868473053,0.430893212556839,0.8042263984680176,-0.01813952811062336,0.38541388511657715,0.8553550839424133,-0.02766302227973938,0.4059825837612152,0.8889310359954834,-0.023615676909685135,0.42904508113861084,0.8883239030838013,-0.015363001264631748
0.4881354570388794,0.9371711611747742,-6.012551807543787e-07,0.4445619583129883,0.932452917098999,0.017329927533864975,0.4202069342136383,0.8989955186843872,0.02462134137749672,0.4029386639595032,0.8749421238899231,0.024099040776491165,0.3886253535747528,0.8515944480895996,0.024904660880565643,0.42728549242019653,0.8217400312423706,0.04259932041168213,0.38041117787361145,0.8444790840148926,0.02546306885778904,0.3929920792579651,0.880557656288147,0.010463384911417961,0.4176255464553833,0.9008098244667053,0.005049958359450102,0.42864319682121277,0.8055930733680725,0.028185708448290825,0.3716467618942261,0.8380110263824463,0.009770144708454609,0.3935481309890747,0.8810380101203918,-0.0020103314891457558,0.42271772027015686,0.8953413963317871,-0.002378038829192519,0.4293923079967499,0.7875568270683289,0.01129472441971302,0.3708149194717407,0.827412486076355,-0.002292035147547722,0.3939129114151001,0.870678186416626,-0.0038052203599363565,0.4220724403858185,0.8773934245109558,0.0014362974325194955,0.43074649572372437,0.771883487701416,-0.005184093490242958,0.3822985291481018,0.8124125599861145,-0.009841959923505783,0.39819562435150146,0.8495641350746155,-0.005556432064622641,0.42118018865585327,0.8582626581192017,0.0022689588367938995
0.48302018642425537,0.9243059754371643,-5.840763037667784e-07,0.4368835687637329,0.9132680296897888,0.015733301639556885,0.41624563932418823,0.8774902820587158,0.02190748229622841,0.4036145806312561,0.8486893773078918,0.02046394720673561,0.3908728361129761,0.8212264776229858,0.021037694066762924,0.4302777349948883,0.8017148971557617,0.04241112619638443,0.38088569045066833,0.821831464767456,0.024467861279845238,0.39214667677879333,0.859489917755127,0.008424358442425728,0.41640886664390564,0.8777816891670227,0.0019830993842333555,0.43204838037490845,0.7884392738342285,0.02878674492239952,0.37301406264305115,0.8197974562644958,0.009082309901714325,0.39156267046928406,0.8631628751754761,-0.003443408291786909,0.4187251329421997,0.8753504157066345,-0.004865548107773066,0.43158164620399475,0.7754888534545898,0.012337657622992992,0.3708423972129822,0.8102295994758606,-0.0016116986516863108,0.38973602652549744,0.8529458045959473,-0.002597738290205598,0.4163345396518707,0.8584075570106506,0.002290828851982951,0.43000391125679016,0.7655069231987,-0.004007871262729168,0.38078099489212036,0.8015962839126587,-0.00945301540195942,0.39331474900245667,0.8377518057823181,-0.00570050161331892,0.4151173532009125,0.8450892567634583,0.0014463235856965184
0.4815749526023865,0.8909837007522583,-5.205034767641337e-07,0.4344101846218109,0.8826085925102234,0.017850831151008606,0.4124855697154999,0.8510655760765076,0.024796465411782265,0.39573436975479126,0.8246216773986816,0.023719314485788345,0.38255155086517334,0.7965124845504761,0.024789605289697647,0.42885148525238037,0.7749731540679932,0.04560016468167305,0.3800641894340515,0.7941511273384094,0.0282079316675663,0.3918035328388214,0.8291366696357727,0.012970414943993092,0.41448473930358887,0.8449974656105042,0.006966732442378998,0.42952534556388855,0.7611855864524841,0.03030538000166416,0.37061768770217896,0.7869833111763,0.011231561191380024,0.3905872702598572,0.8297096490859985,-0.00021065397595521063,0.41820231080055237,0.8385403752326965,-0.0004286555340513587,0.4288666248321533,0.744734525680542,0.012080970220267773,0.36848294734954834,0.7778100371360779,-0.0023622107692062855,0.38978832960128784,0.8195856213569641,-0.0026512322947382927,0.4169512391090393,0.820317268371582,0.003215253818780184,0.4290987551212311,0.7294492125511169,-0.005965052638202906,0.37916579842567444,0.7629857063293457,-0.01081470213830471,0.3930658996105194,0.7997525930404663,-0.006150343921035528,0.414944589138031,0.8045525550842285,0.001655559055507183
0.48118725419044495,0.8657343983650208,-5.655748509525438e-07,0.4409011900424957,0.8681548833847046,0.014247116632759571,0.41991129517555237,0.8417454361915588,0.0182916559278965,0.4035773277282715,0.816194474697113,0.015248951502144337,0.3894786834716797,0.7893970608711243,0.013390661217272282,0.4296033978462219,0.764934778213501,0.035052403807640076,0.38459840416908264,0.7829867601394653,0.018680136650800705,0.3937678933143616,0.8169072270393372,0.00348836206831038,0.41433215141296387,0.8379067182540894,-0.0029025934636592865,0.4302425682544708,0.7477127313613892,0.022307507693767548,0.3728228211402893,0.7764854431152344,0.004375381860882044,0.3912774920463562,0.8165475130081177,-0.007539176382124424,0.41865074634552,0.829966127872467,-0.009297032840549946,0.42942899465560913,0.7293099761009216,0.007423231843858957,0.37113580107688904,0.7630947828292847,-0.0051277438178658485,0.38950666785240173,0.8030725717544556,-0.00753937941044569,0.41546839475631714,0.8111864924430847,-0.004165092017501593,0.4277428388595581,0.7126020193099976,-0.007242175284773111,0.37952542304992676,0.748182475566864,-0.010980690829455853,0.39102402329444885,0.7834741473197937,-0.007401373237371445,0.41182053089141846,0.7931447625160217,-0.0010854676365852356
0.465873658657074,0.8441660404205322,-5.26904329944955e-07,0.4289155900478363,0.8512548804283142,0.012169554829597473,0.40976861119270325,0.8242951035499573,0.017303576692938805,0.39412450790405273,0.7984203100204468,0.015639975666999817,0.3802863359451294,0.7726229429244995,0.015240238979458809,0.4136430025100708,0.7537111043930054,0.03547292575240135,0.37936538457870483,0.7619644403457642,0.021005526185035706,0.38824033737182617,0.7956913709640503,0.008011135272681713,0.40979525446891785,0.8136301636695862,0.002776533830910921,0.41404518485069275,0.734349250793457,0.024271659553050995,0.36839768290519714,0.7529676556587219,0.007204452529549599,0.3861103057861328,0.7909860014915466,-0.002617721213027835,0.4144899845123291,0.8017024397850037,-0.0025062388740479946,0.41717708110809326,0.7122553586959839,0.010647851973772049,0.3697468638420105,0.7371469140052795,-0.0017366555985063314,0.386810839176178,0.7750585675239563,-0.0021049450151622295,0.41327935457229614,0.7821400761604309,0.003125999355688691,0.42438656091690063,0.6894940733909607,-0.003051175968721509,0.3847508430480957,0.7149184942245483,-0.0068836393766105175,0.3924100399017334,0.7505394220352173,-0.0022267759777605534,0.4115908145904541,0.7649868130683899,0.005210183095186949
0.46671491861343384,0.8098620176315308,-5.329285386324045e-07,0.4303693473339081,0.8185264468193054,0.019612278789281845,0.41159746050834656,0.7974950075149536,0.028532929718494415,0.39340364933013916,0.7749756574630737,0.028699185699224472,0.378616601228714,0.7501920461654663,0.029146194458007812,0.41922736167907715,0.7437224388122559,0.04630895331501961,0.38748499751091003,0.7430240511894226,0.038196176290512085,0.3898714482784271,0.7714858055114746,0.028308507055044174,0.4025464951992035,0.7891271114349365,0.023442283272743225,0.4177871346473694,0.7202929258346558,0.03155512362718582,0.37039420008659363,0.7318829298019409,0.017327290028333664,0.38723793625831604,0.7682715654373169,0.006618093699216843,0.4136802554130554,0.7801048159599304,0.00551839591935277,0.41863498091697693,0.6917433738708496,0.015025620348751545,0.36892908811569214,0.7131320238113403,0.004985698964446783,0.389093816280365,0.7492362260818481,0.0028208072762936354,0.41597190499305725,0.7551829814910889,0.006055369041860104,0.42346230149269104,0.6601513624191284,-0.0008500913390889764,0.38225093483924866,0.6856920123100281,-0.0030641802586615086,0.3940354883670807,0.7193682789802551,0.0008530774503014982,0.4153602719306946,0.7294687628746033,0.006564377807080746
0.46103039383888245,0.8072518706321716,-5.113181487104157e-07,0.4244598150253296,0.8138613700866699,0.011440805159509182,0.40814268589019775,0.7892630100250244,0.016055883839726448,0.3947623074054718,0.7637653350830078,0.013863547705113888,0.3817443251609802,0.7392544746398926,0.01248749066144228,0.4172135591506958,0.7337358593940735,0.03253813832998276,0.38414937257766724,0.7286774516105652,0.01934639923274517,0.38863492012023926,0.7542411684989929,0.0080941803753376,0.4044240713119507,0.7688332200050354,0.003091134363785386,0.4164732098579407,0.7114934921264648,0.021393749862909317,0.36986663937568665,0.7192491292953491,0.001915485947392881,0.38581255078315735,0.7528383135795593,-0.009777319617569447,0.4112050235271454,0.7626544237136841,-0.010711092501878738,0.4173027276992798,0.6844239830970764,0.008241575211286545,0.36880773305892944,0.7020992636680603,-0.005976254120469093,0.3875668942928314,0.7345096468925476,-0.008421560749411583,0.4129772186279297,0.7365873456001282,-0.004541682545095682,0.422123521566391,0.6554355621337891,-0.004720985423773527,0.38314878940582275,0.6786022782325745,-0.011191741563379765,0.39503777027130127,0.7079290151596069,-0.008727912791073322,0.41593971848487854,0.7145348787307739,-0.0029649282805621624
0.46259528398513794,0.7628448009490967,-4.694447568454052e-07,0.42900627851486206,0.7700124979019165,0.0161345936357975,0.41160914301872253,0.7502880692481995,0.024624887853860855,0.3952871263027191,0.7298659682273865,0.025155188515782356,0.38042083382606506,0.7074694037437439,0.025895342230796814,0.41323208808898926,0.7009414434432983,0.042819637805223465,0.3838282823562622,0.6973457336425781,0.03539961203932762,0.38569730520248413,0.7238412499427795,0.025738006457686424,0.399842232465744,0.7438814640045166,0.021541591733694077,0.41165879368782043,0.6798661947250366,0.03134205564856529,0.37220320105552673,0.6824945211410522,0.020665284246206284,0.3838191330432892,0.7146952748298645,0.009924018755555153,0.40667906403541565,0.7296545505523682,0.007729631382972002,0.41476738452911377,0.6530448198318481,0.018152359873056412,0.37329936027526855,0.6632752418518066,0.011358287185430527,0.38632625341415405,0.6951823234558105,0.007411201484501362,0.4102548658847809,0.7055400609970093,0.00870493333786726,0.4228328764438629,0.6225124597549438,0.005398692563176155,0.388114333152771,0.6368564963340759,0.005602510645985603,0.39332273602485657,0.6653220057487488,0.008749629370868206,0.41115808486938477,0.6792486906051636,0.013543986715376377
0.45889830589294434,0.7483976483345032,-4.971047928847838e-07,0.4261866807937622,0.7601462602615356,0.010666209273040295,0.4075380563735962,0.7430205345153809,0.016886988654732704,0.39231452345848083,0.7223697900772095,0.01684589311480522,0.3799983561038971,0.7013968229293823,0.017537733539938927,0.4109641909599304,0.6938469409942627,0.03197082504630089,0.383817583322525,0.6924997568130493,0.020643578842282295,0.39109310507774353,0.7157301306724548,0.009846103377640247,0.40783655643463135,0.7281740307807922,0.004893861711025238,0.41001686453819275,0.6712135076522827,0.022444074973464012,0.37155431509017944,0.6814166307449341,0.006557902321219444,0.3890233635902405,0.7100993990898132,-0.004004592541605234,0.4135516285896301,0.7160347104072571,-0.005570985842496157,0.41195088624954224,0.6425624489784241,0.010906671173870564,0.37073856592178345,0.6613852381706238,-0.002050122944638133,0.39008480310440063,0.6896114349365234,-0.005172459874302149,0.41577446460723877,0.6911711096763611,-0.0022855561692267656,0.4181177616119385,0.6115694642066956,-0.0003918987058568746,0.3834867477416992,0.629067599773407,-0.0073013161309063435,0.39380213618278503,0.6567671298980713,-0.005386131815612316,0.41490989923477173,0.6656572818756104,-0.00019430943939369172
0.46068769693374634,0.7396801114082336,-5.018001729695243e-07,0.43004846572875977,0.7476531267166138,0.014110914431512356,0.4141538441181183,0.7285358309745789,0.02221083641052246,0.3995130956172943,0.706561803817749,0.023470858111977577,0.38643723726272583,0.6837635636329651,0.0247135479003191,0.41558465361595154,0.6861937046051025,0.037783246487379074,0.38965603709220886,0.6805557608604431,0.0324113555252552,0.39126527309417725,0.7044797539710999,0.023986682295799255,0.4047575294971466,0.7202824950218201,0.019917557016015053,0.4127165377140045,0.6652088761329651,0.02851101942360401,0.3763262927532196,0.6673538684844971,0.02000720426440239,0.3866890072822571,0.6990215182304382,0.009549155831336975,0.408201664686203,0.7130893468856812,0.006542282644659281,0.4140852093696594,0.6366286277770996,0.017956944182515144,0.37487030029296875,0.6479896903038025,0.011732463724911213,0.38827237486839294,0.6807958483695984,0.0067431749776005745,0.4128356873989105,0.6912207007408142,0.006918919738382101,0.4208676517009735,0.6042124032974243,0.00806598924100399,0.38721784949302673,0.6154415011405945,0.006597823463380337,0.3928544819355011,0.6459105014801025,0.008756469935178757,0.4128497838973999,0.6615749597549438,0.012930314987897873
0.46194198727607727,0.7272099256515503,-4.514375007147464e-07,0.4331081807613373,0.7380837798118591,0.011812086217105389,0.4164310395717621,0.7214087843894958,0.019038734957575798,0.40287670493125916,0.7015143036842346,0.019656965509057045,0.3919648826122284,0.6806175112724304,0.02062264084815979,0.41645848751068115,0.6773386597633362,0.036333076655864716,0.3908935487270355,0.6700752377510071,0.030714187771081924,0.3916473984718323,0.6902685761451721,0.022189976647496223,0.4051944315433502,0.7051884531974792,0.017976056784391403,0.41309604048728943,0.6569659113883972,0.027762198820710182,0.3778989613056183,0.6564877033233643,0.018050873652100563,0.3885110318660736,0.6834768652915955,0.007097839377820492,0.41018250584602356,0.6949841380119324,0.004066686611622572,0.41446489095687866,0.6285749673843384,0.017618533223867416,0.37665387988090515,0.636193037033081,0.01071014441549778,0.3886623978614807,0.6634684801101685,0.004680848680436611,0.4124831259250641,0.6707112193107605,0.00440801028162241,0.4212660789489746,0.5956089496612549,0.007911731489002705,0.3889192044734955,0.6055073142051697,0.006308305077254772,0.39349719882011414,0.6321558952331543,0.007389691658318043,0.41302019357681274,0.6453365087509155,0.010659257881343365
0.4655653238296509,0.682708203792572,-4.459507465526258e-07,0.4342336058616638,0.7042737603187561,0.013871164992451668,0.41779643297195435,0.7007351517677307,0.018671663478016853,0.40185534954071045,0.6893764734268188,0.016364790499210358,0.388847678899765,0.6732617616653442,0.01374347135424614,0.41483524441719055,0.6455079317092896,0.032330334186553955,0.3867708146572113,0.6460138559341431,0.02513970620930195,0.39147940278053284,0.6690447926521301,0.017070839181542397,0.40604132413864136,0.6809093356132507,0.012820332311093807,0.41305646300315857,0.6220643520355225,0.021402115002274513,0.3766482472419739,0.6331377625465393,0.011839005164802074,0.39179468154907227,0.6629594564437866,0.0034220144152641296,0.41318562626838684,0.6683053374290466,0.0009786247974261642,0.41523605585098267,0.5938447713851929,0.009103276766836643,0.37742093205451965,0.612116813659668,0.0013241390697658062,0.3941555917263031,0.6415075659751892,-0.0010531070875003934,0.4168357253074646,0.643204391002655,0.00013058516196906567,0.42191892862319946,0.5618164539337158,-0.002471441403031349,0.388388454914093,0.5794588923454285,-0.004921427462249994,0.3977189064025879,0.6084029078483582,-0.0017996528185904026,0.4170506000518799,0.6161156296730042,0.0024204773362725973
0.4626322388648987,0.6725549697875977,-4.187268984878756e-07,0.4313771724700928,0.6836378574371338,0.010213791392743587,0.4128921329975128,0.6706186532974243,0.016322247684001923,0.39788907766342163,0.6529946327209473,0.016625510528683662,0.38571813702583313,0.6339710354804993,0.017356878146529198,0.41187068819999695,0.6303982734680176,0.03177854046225548,0.387076735496521,0.6231688857078552,0.025534827262163162,0.39286351203918457,0.6442553997039795,0.018603816628456116,0.4073006808757782,0.6529008150100708,0.015354213304817677,0.41141632199287415,0.6117108464241028,0.023948118090629578,0.38147595524787903,0.6118234395980835,0.014934618026018143,0.39330965280532837,0.638033926486969,0.006529462523758411,0.41137275099754333,0.643476128578186,0.004545984324067831,0.4137129485607147,0.5865880250930786,0.014361652545630932,0.381325364112854,0.5957244634628296,0.004900156985968351,0.39573562145233154,0.6228870153427124,0.0009002697770483792,0.41552114486694336,0.6243733763694763,0.002078709891065955,0.4196842908859253,0.557060956954956,0.005523335188627243,0.3886806070804596,0.5694302320480347,0.0004704080056399107,0.3977692127227783,0.5971344113349915,0.001826559193432331,0.4163377285003662,0.6043230295181274,0.00557982362806797
0.4603779911994934,0.6484243869781494,-4.636508492694702e-07,0.43359023332595825,0.6688523888587952,0.01348851714283228,0.4168943166732788,0.6638892889022827,0.021174009889364243,0.402438759803772,0.6523855924606323,0.022734222933650017,0.39054355025291443,0.636005699634552,0.023706385865807533,0.41591161489486694,0.6213127374649048,0.032133396714925766,0.39248397946357727,0.6220085620880127,0.027928506955504417,0.3982531726360321,0.6424145698547363,0.019991405308246613,0.41303786635398865,0.6533545255661011,0.015719598159193993,0.4127520024776459,0.600385308265686,0.023895036429166794,0.3817841410636902,0.6079156398773193,0.017497695982456207,0.3947545289993286,0.634014904499054,0.007848145440220833,0.41560524702072144,0.6423317193984985,0.004146120976656675,0.41293036937713623,0.5718438029289246,0.014914709143340588,0.37976258993148804,0.5849390029907227,0.009412734769284725,0.3948622941970825,0.6108981370925903,0.0040926807560026646,0.4182649552822113,0.6150317192077637,0.003226181957870722,0.4173920750617981,0.5381652116775513,0.006946945562958717,0.3890243470668793,0.5502854585647583,0.004675399046391249,0.39715856313705444,0.5765537023544312,0.006043913308531046,0.4165658950805664,0.5862299203872681,0.009149424731731415
0.46146124601364136,0.6417270302772522,-4.727439204543771e-07,0.43707555532455444,0.6592088937759399,0.014849301427602768,0.4215896725654602,0.654022216796875,0.022948170080780983,0.40896329283714294,0.6439067721366882,0.024816425517201424,0.39741894602775574,0.6281382441520691,0.026240238919854164,0.4192642867565155,0.6120499968528748,0.03550569340586662,0.3969031870365143,0.6137930154800415,0.032533787190914154,0.4028334617614746,0.635158896446228,0.024845890700817108,0.4174182116985321,0.6456252336502075,0.02049318328499794,0.41589227318763733,0.5939966440200806,0.02675575576722622,0.3856154680252075,0.5991855263710022,0.02209911122918129,0.3982054591178894,0.6261340975761414,0.012339473702013493,0.41808661818504333,0.6331901550292969,0.00815898273140192,0.414310485124588,0.5682764053344727,0.01721138134598732,0.382516086101532,0.576545000076294,0.013963500037789345,0.3958296775817871,0.6029971837997437,0.008866945281624794,0.4170350134372711,0.6052539944648743,0.007506099063903093,0.41675031185150146,0.5360987186431885,0.008708730340003967,0.38848254084587097,0.548438310623169,0.009003344923257828,0.39669540524482727,0.5743563175201416,0.01118285022675991,0.4153594672679901,0.5809678435325623,0.014216160401701927
0.4613304138183594,0.6351056098937988,-3.9017072595015634e-07,0.43590694665908813,0.6557399034500122,0.011299360543489456,0.4215708076953888,0.6502170562744141,0.01684238389134407,0.41015222668647766,0.640956461429596,0.016725892201066017,0.39875662326812744,0.6262646317481995,0.016519460827112198,0.4209878742694855,0.6096316576004028,0.030912041664123535,0.3987843096256256,0.6098622679710388,0.028478123247623444,0.4054238200187683,0.6259274482727051,0.021966077387332916,0.41970738768577576,0.6312372088432312,0.017827754840254784,0.41686078906059265,0.5889137387275696,0.023282285779714584,0.38803112506866455,0.5952072143554688,0.01866960898041725,0.3999248445034027,0.6158010363578796,0.009310990571975708,0.4185214340686798,0.6194859147071838,0.0047413380816578865,0.41496506333351135,0.561897873878479,0.014772920869290829,0.3841434121131897,0.572338879108429,0.012399744242429733,0.3961910009384155,0.5935746431350708,0.00803356897085905,0.41561561822891235,0.5933869481086731,0.006187037099152803,0.41728314757347107,0.5290905833244324,0.006758386269211769,0.3912466764450073,0.541883647441864,0.008078685030341148,0.3981144428253174,0.5659856796264648,0.010501868091523647,0.41484203934669495,0.573202908039093,0.013024784624576569
0.4571063816547394,0.6344512104988098,-4.770159307554422e-07,0.4264160394668579,0.6397635340690613,0.01745997741818428,0.41272076964378357,0.6235700845718384,0.02798021025955677,0.40169432759284973,0.6031521558761597,0.031523447483778,0.38990187644958496,0.5857514142990112,0.03493790701031685,0.4180750548839569,0.5964739322662354,0.04191577062010765,0.3920080363750458,0.5976839065551758,0.039006151258945465,0.3991379141807556,0.618725061416626,0.033146388828754425,0.41373327374458313,0.6270265579223633,0.030663954094052315,0.41557949781417847,0.5781794786453247,0.03173958510160446,0.3831716477870941,0.5903335213661194,0.024528678506612778,0.3977029025554657,0.615318238735199,0.015088655054569244,0.4177239239215851,0.6198043823242188,0.012507013976573944,0.41559696197509766,0.5526205897331238,0.0205600056797266,0.381801962852478,0.5729719400405884,0.014805848710238934,0.3983466327190399,0.5981487035751343,0.010213535279035568,0.4202990233898163,0.5963649153709412,0.01031610369682312,0.41944706439971924,0.5226545333862305,0.01051050890237093,0.38955891132354736,0.538780689239502,0.008884578011929989,0.3985680937767029,0.5646777749061584,0.010933791287243366,0.4179403483867645,0.570026695728302,0.014624635688960552
0.4561227858066559,0.6347639560699463,-4.973948080078117e-07,0.42736387252807617,0.6407392621040344,0.02082456834614277,0.4134071469306946,0.6267954111099243,0.03267950564622879,0.40087375044822693,0.6116594672203064,0.037011902779340744,0.3886262774467468,0.5947912335395813,0.04067646339535713,0.42167380452156067,0.5949329137802124,0.043553221970796585,0.3945332467556,0.5978424549102783,0.043565306812524796,0.3979479968547821,0.6190645694732666,0.03884292393922806,0.4101502299308777,0.6275070309638977,0.036300115287303925,0.41961485147476196,0.5738025307655334,0.03215523809194565,0.384019136428833,0.5891813039779663,0.028697699308395386,0.395938903093338,0.6149508953094482,0.019696194678544998,0.41547444462776184,0.6200619339942932,0.016110101714730263,0.41955941915512085,0.5462552309036255,0.020415566861629486,0.3819125294685364,0.5701178312301636,0.019239012151956558,0.3956488370895386,0.5964479446411133,0.0144159235060215,0.4167400896549225,0.5985533595085144,0.012586802244186401,0.4228699505329132,0.5157643556594849,0.009802890941500664,0.3919166326522827,0.537162184715271,0.011193028651177883,0.39908701181411743,0.563117504119873,0.013010247610509396,0.41670307517051697,0.5713112354278564,0.015545189380645752
0.455939382314682,0.6401124000549316,-5.095568553770136e-07,0.4276708960533142,0.6476385593414307,0.018883459270000458,0.4137955904006958,0.632068932056427,0.029033027589321136,0.4009174704551697,0.618499219417572,0.03221173211932182,0.3882446587085724,0.6027510762214661,0.03475865349173546,0.42468494176864624,0.5845475196838379,0.03997877612709999,0.3970319926738739,0.5802751779556274,0.03818400204181671,0.3918221592903137,0.6032719612121582,0.03113297000527382,0.4002193808555603,0.6236656308174133,0.02744658850133419,0.4233628511428833,0.566889762878418,0.030069386586546898,0.38471293449401855,0.5701921582221985,0.027712495997548103,0.38640427589416504,0.6013506054878235,0.01802549697458744,0.40129390358924866,0.6209526062011719,0.013313029892742634,0.42344361543655396,0.5440443158149719,0.019683416932821274,0.38078275322914124,0.5525888204574585,0.01947183720767498,0.38574090600013733,0.5848354697227478,0.013741431757807732,0.40408989787101746,0.6007512211799622,0.010998217388987541,0.42615455389022827,0.5191211104393005,0.010485666804015636,0.391310453414917,0.5369483232498169,0.012910590507090092,0.39407750964164734,0.5629159808158875,0.013876042328774929,0.40943223237991333,0.5762741565704346,0.015572063624858856
0.45981788635253906,0.6485307216644287,-5.397056952460844e-07,0.4321260154247284,0.6494966745376587,0.01950479857623577,0.41730305552482605,0.6320092082023621,0.025913644582033157,0.4050566256046295,0.6217420101165771,0.02530267834663391,0.39449208974838257,0.6097316145896912,0.02391347661614418,0.4323473870754242,0.577172040939331,0.032074689865112305,0.3989686369895935,0.5886733531951904,0.02468537539243698,0.39869192242622375,0.6121571063995361,0.014511635527014732,0.4077916741371155,0.6266577839851379,0.00830401387065649,0.4321177303791046,0.5581178665161133,0.018809707835316658,0.3844803273677826,0.5774658918380737,0.01090956199914217,0.39165621995925903,0.6081223487854004,0.002165569458156824,0.409173846244812,0.6201854944229126,-0.0018362905830144882,0.4306408166885376,0.5385867953300476,0.005146743264049292,0.37934181094169617,0.5594200491905212,0.0018174832221120596,0.3896574378013611,0.5913876295089722,0.00045219194726087153,0.4090282618999481,0.5974825024604797,0.0001436355960322544,0.4298418164253235,0.5207214951515198,-0.0077106039971113205,0.3900812864303589,0.5454750657081604,-0.007917430251836777,0.39698636531829834,0.5732452273368835,-0.005297419149428606,0.41301441192626953,0.5800866484642029,-0.0024764640256762505
0.45963168144226074,0.6591456532478333,-5.467016421789594e-07,0.4258193075656891,0.6554378271102905,0.016488300636410713,0.41119423508644104,0.6325258016586304,0.022426269948482513,0.400736540555954,0.6173528432846069,0.022026825696229935,0.3911004066467285,0.5984309315681458,0.02178667113184929,0.43073561787605286,0.5729138851165771,0.031586889177560806,0.39012888073921204,0.5888407230377197,0.019810451194643974,0.3940810263156891,0.6166353821754456,0.007032511290162802,0.4083676338195801,0.6345236897468567,0.000624790380243212,0.43185266852378845,0.555899977684021,0.019607465714216232,0.3803991973400116,0.5808843374252319,0.007316723000258207,0.39118725061416626,0.6166242957115173,-0.003126998897641897,0.4120800793170929,0.6314274668693542,-0.006648411508649588,0.4314666986465454,0.5374703407287598,0.006479652598500252,0.3783189058303833,0.5633782744407654,-0.00015850191994104534,0.3902255892753601,0.5983641147613525,-0.002770322607830167,0.4109719395637512,0.6077193021774292,-0.0026954037602990866,0.43007245659828186,0.520957350730896,-0.006241250317543745,0.3875455856323242,0.5501272082328796,-0.009667422622442245,0.395852267742157,0.5801310539245605,-0.009034671820700169,0.4131131172180176,0.5880028605461121,-0.006390667520463467
0.46673840284347534,0.690875768661499,-6.211939762579277e-07,0.44065776467323303,0.6731957197189331,0.01712089404463768,0.42266830801963806,0.6438538432121277,0.021781232208013535,0.4098740518093109,0.6265862584114075,0.02002429962158203,0.3989391624927521,0.6146991848945618,0.018361618742346764,0.44914931058883667,0.5877953767776489,0.02794579230248928,0.4008956849575043,0.6026813983917236,0.013753666542470455,0.40024444460868835,0.6355300545692444,0.00023011649318505079,0.4132307171821594,0.6626380085945129,-0.00627514673396945,0.4469309151172638,0.5761727094650269,0.01459772139787674,0.3869631290435791,0.6009987592697144,-6.340537947835401e-05,0.3943924605846405,0.6394758820533752,-0.010363076813519001,0.41381409764289856,0.6595485210418701,-0.013661741279065609,0.44096413254737854,0.5661652684211731,0.0002208554360549897,0.3811015188694,0.5916262865066528,-0.009422830305993557,0.3917893171310425,0.6300941705703735,-0.011384223587810993,0.4116203486919403,0.6426684856414795,-0.010486063547432423,0.43274354934692383,0.5607703924179077,-0.01338233333081007,0.38575130701065063,0.5897555947303772,-0.019046558067202568,0.39448481798171997,0.6225075721740723,-0.01794312335550785,0.41178977489471436,0.6310334205627441,-0.014722567982971668
0.468936949968338,0.7057288289070129,-4.825932364838081e-07,0.45209965109825134,0.6712162494659424,0.006991757545620203,0.4356327950954437,0.6359831690788269,0.007229860872030258,0.4221273362636566,0.6209813356399536,0.0035465070977807045,0.40876883268356323,0.6184934377670288,0.000956713454797864,0.4676212966442108,0.580672025680542,0.019400781020522118,0.41005778312683105,0.6045091152191162,0.00044368888484314084,0.40476569533348083,0.638382613658905,-0.017524246126413345,0.4150843918323517,0.6619418859481812,-0.02671169303357601,0.45717498660087585,0.5708242058753967,0.010542920790612698,0.3951883912086487,0.602134108543396,-0.006330106407403946,0.39919549226760864,0.6426821947097778,-0.01789301633834839,0.4159330427646637,0.6632653474807739,-0.022033121436834335,0.4429413080215454,0.5675344467163086,-0.00017524129361845553,0.3849337100982666,0.5977519750595093,-0.010916468687355518,0.3919817805290222,0.6382058262825012,-0.012828602455556393,0.40912532806396484,0.6539790630340576,-0.011760328896343708,0.4279274046421051,0.5709764957427979,-0.011352920904755592,0.38543859124183655,0.60239577293396,-0.01871511898934841,0.3919418454170227,0.6349477171897888,-0.018738511949777603,0.4071221351623535,0.6444733738899231,-0.015710929408669472
0.47311410307884216,0.7187024354934692,-4.348132449649711e-07,0.456137478351593,0.6970601677894592,0.00529772974550724,0.4372789263725281,0.6654764413833618,0.0047607808373868465,0.4216010868549347,0.6498433351516724,0.0006312369951047003,0.4106486141681671,0.6438053846359253,-0.0014982823049649596,0.45819029211997986,0.5978078246116638,0.018099801614880562,0.40433239936828613,0.6219262480735779,0.00045533248339779675,0.40592941641807556,0.6553029417991638,-0.01548856496810913,0.41955703496932983,0.6743100881576538,-0.023452775552868843,0.4491727948188782,0.5880335569381714,0.009469736367464066,0.3903530240058899,0.6206095218658447,-0.004662410821765661,0.39986076951026917,0.6565166711807251,-0.01288448367267847,0.4165216088294983,0.6692677140235901,-0.015459898859262466,0.4371500611305237,0.5843653678894043,-0.0012852634536102414,0.38301771879196167,0.6158316135406494,-0.010299865156412125,0.39529168605804443,0.6507160663604736,-0.010235530324280262,0.41217929124832153,0.6595185399055481,-0.00861640926450491,0.4241429567337036,0.5859076976776123,-0.01272947434335947,0.38304591178894043,0.6166857481002808,-0.01848716102540493,0.39272916316986084,0.6464065909385681,-0.01715177111327648,0.4083152413368225,0.6535500884056091,-0.01361049059778452
0.4724865257740021,0.7416155338287354,-4.4115731157035043e-07,0.4612433612346649,0.7120064496994019,-0.001267145504243672,0.44547462463378906,0.6746506094932556,-0.004747141618281603,0.4274933636188507,0.6571443676948547,-0.0105579299852252,0.4112336039543152,0.6515578031539917,-0.014102350920438766,0.4729688763618469,0.6075480580329895,0.010687158443033695,0.4216955900192261,0.6320144534111023,-0.011935088783502579,0.41979309916496277,0.6664789319038391,-0.029534514993429184,0.43236371874809265,0.6895622611045837,-0.03768572956323624,0.45720216631889343,0.6004055142402649,0.0043807742185890675,0.39960429072380066,0.6340481042861938,-0.016426222398877144,0.40620535612106323,0.671683132648468,-0.026299990713596344,0.4217803180217743,0.6874405145645142,-0.02841080352663994,0.4385175108909607,0.6017003059387207,-0.004760957323014736,0.38430002331733704,0.6348162293434143,-0.021000316366553307,0.39551323652267456,0.6721538305282593,-0.021754855290055275,0.4126172363758087,0.6825571656227112,-0.01863177865743637,0.42030924558639526,0.6094976663589478,-0.014843152835965157,0.37970301508903503,0.6416429281234741,-0.02622123248875141,0.3890649378299713,0.673007071018219,-0.026325935497879982,0.4047320783138275,0.6804451942443848,-0.02247391827404499
0.4739227294921875,0.7509312629699707,-3.9256889294847497e-07,0.4570466876029968,0.7219798564910889,-0.002888555871322751,0.4405662417411804,0.6826582551002502,-0.006462835241109133,0.4259045124053955,0.6590902805328369,-0.012245339341461658,0.411204993724823,0.6493740677833557,-0.014862842857837677,0.4730489253997803,0.6202074289321899,0.013793658465147018,0.4184851050376892,0.634795069694519,-0.010474329814314842,0.4173676073551178,0.6699286699295044,-0.02915644645690918,0.43055459856987,0.693206787109375,-0.03756710886955261,0.4602620601654053,0.6109809875488281,0.007931208238005638,0.39892762899398804,0.6362298727035522,-0.014660060405731201,0.4056977331638336,0.6750497221946716,-0.025055449455976486,0.422743558883667,0.6907126903533936,-0.026796966791152954,0.44381776452064514,0.6091797947883606,-0.0015145690413191915,0.3861835300922394,0.6355592012405396,-0.019717417657375336,0.3959871530532837,0.6752839088439941,-0.019743680953979492,0.41485676169395447,0.6867643594741821,-0.015247455798089504,0.42668017745018005,0.6137024164199829,-0.012221740558743477,0.3828670382499695,0.6430519819259644,-0.024273717775940895,0.39116787910461426,0.6765010952949524,-0.02385815419256687,0.40808093547821045,0.6846106648445129,-0.01917879655957222
0.4695289731025696,0.757725179195404,-4.202821628496167e-07,0.44412335753440857,0.7430863380432129,-0.0018887979676946998,0.4299275577068329,0.7030400633811951,-0.0033889086917042732,0.4198837876319885,0.6755020618438721,-0.0071164462715387344,0.4084787368774414,0.6554142236709595,-0.007117736618965864,0.4699499309062958,0.623222827911377,0.018013056367635727,0.40961405634880066,0.6480541825294495,-0.004743973724544048,0.40863025188446045,0.6819025874137878,-0.02392810769379139,0.4225277602672577,0.6994810700416565,-0.03324442729353905,0.46024465560913086,0.611167311668396,0.012048400938510895,0.3941798508167267,0.6448420286178589,-0.0074286372400820255,0.40193241834640503,0.682506263256073,-0.01813260279595852,0.42008477449417114,0.6912499666213989,-0.021172044798731804,0.44537803530693054,0.6067572832107544,0.0024056120309978724,0.3835461139678955,0.6407366991043091,-0.013152281753718853,0.39334774017333984,0.6799602508544922,-0.013730105012655258,0.4116360545158386,0.6857227683067322,-0.010809257626533508,0.42732056975364685,0.6086022257804871,-0.008805355988442898,0.3823700249195099,0.6440709233283997,-0.019337041303515434,0.3895516097545624,0.6764857172966003,-0.01977040059864521,0.4056221842765808,0.6797391772270203,-0.016293905675411224
0.4666804075241089,0.7618093490600586,-4.647206424124306e-07,0.4451439380645752,0.7351941466331482,0.001432796474546194,0.43044430017471313,0.6962864995002747,-0.00035666165058501065,0.4196542501449585,0.6720426678657532,-0.005510668270289898,0.4103378653526306,0.6534983515739441,-0.007467088755220175,0.47225913405418396,0.6273535490036011,0.019054297357797623,0.41196927428245544,0.6481675505638123,-0.004516366869211197,0.4093135595321655,0.6840828061103821,-0.023709410801529884,0.4219498038291931,0.7055591344833374,-0.0328909233212471,0.4627261757850647,0.6142796874046326,0.010731582529842854,0.3929901421070099,0.6475932002067566,-0.011354954913258553,0.4013977348804474,0.6885767579078674,-0.023287026211619377,0.42032966017723083,0.7014058828353882,-0.0265126321464777,0.4478170573711395,0.608187735080719,-0.000936058524530381,0.38241854310035706,0.6447237133979797,-0.017689133062958717,0.39389243721961975,0.6867466568946838,-0.019281120970845222,0.4131767749786377,0.6949388980865479,-0.016718009486794472,0.42931926250457764,0.6088361144065857,-0.013784939423203468,0.3798525929450989,0.645612895488739,-0.02560681663453579,0.3880288600921631,0.6803274750709534,-0.02683197893202305,0.40519043803215027,0.6858764886856079,-0.023664886131882668
0.47195714712142944,0.7606048583984375,-4.405430047427217e-07,0.44425034523010254,0.7347718477249146,0.001999503932893276,0.4261889159679413,0.6983815431594849,0.00038470159051939845,0.4122878611087799,0.6766220331192017,-0.004837326239794493,0.39999860525131226,0.6573415398597717,-0.0071554589085280895,0.47406578063964844,0.6271070241928101,0.02075866423547268,0.4118155539035797,0.6461304426193237,-0.0017542141722515225,0.40830379724502563,0.6824128031730652,-0.021485978737473488,0.42021459341049194,0.706843376159668,-0.031445037573575974,0.4647739827632904,0.6135982275009155,0.012098792940378189,0.3935320973396301,0.6444800496101379,-0.009107524529099464,0.40133923292160034,0.6862324476242065,-0.02202002890408039,0.4211614429950714,0.7028685212135315,-0.02632237784564495,0.44949406385421753,0.6076919436454773,0.00021875934908166528,0.38259100914001465,0.6434310674667358,-0.01537959836423397,0.39374691247940063,0.6855119466781616,-0.017526334151625633,0.4143124520778656,0.6954909563064575,-0.015967385843396187,0.42993295192718506,0.6086874604225159,-0.012935674749314785,0.380462646484375,0.6467754244804382,-0.024203339591622353,0.3891749978065491,0.681364119052887,-0.02568475715816021,0.40772610902786255,0.6871336698532104,-0.023222168907523155
0.4693170189857483,0.7599319219589233,-4.406914797527861e-07,0.440703421831131,0.7315582633018494,0.0036234548315405846,0.4232744574546814,0.6945021152496338,0.00233661150559783,0.41038647294044495,0.6741177439689636,-0.003023038385435939,0.40023019909858704,0.6597716808319092,-0.0058038984425365925,0.47049200534820557,0.6267859935760498,0.021851932629942894,0.4097799062728882,0.6465186476707458,-0.0001218630131916143,0.4081442952156067,0.683742880821228,-0.01919332519173622,0.4217723309993744,0.7074026465415955,-0.028523923829197884,0.46178555488586426,0.614325761795044,0.012400149367749691,0.39268168807029724,0.6450206637382507,-0.007731180638074875,0.4012475311756134,0.6861493587493896,-0.019670376554131508,0.42057833075523376,0.7013036608695984,-0.023379871621727943,0.447649210691452,0.6087493896484375,-0.00012247406993992627,0.3825070559978485,0.6430507302284241,-0.0147923044860363,0.39396557211875916,0.6846507787704468,-0.01627015881240368,0.41376420855522156,0.6944847702980042,-0.014227413572371006,0.42950722575187683,0.6095642447471619,-0.013765229843556881,0.3802168071269989,0.6440228819847107,-0.02372105047106743,0.38944339752197266,0.6785181760787964,-0.02399592101573944,0.4077224135398865,0.6854255199432373,-0.02069963701069355
0.4728860557079315,0.7590101361274719,-4.2552147760943626e-07,0.44889336824417114,0.7312997579574585,0.0016943832160905004,0.4321162700653076,0.6945269703865051,-0.0005788266425952315,0.4179392158985138,0.6741868853569031,-0.006563832052052021,0.4047146141529083,0.6594103574752808,-0.009877069853246212,0.4759250283241272,0.6251267790794373,0.019686754792928696,0.41367971897125244,0.6425662636756897,-0.0033949073404073715,0.4108823537826538,0.6791639924049377,-0.02312360890209675,0.42337343096733093,0.702863872051239,-0.03299766778945923,0.4654774069786072,0.6121870875358582,0.01092450600117445,0.39587166905403137,0.6406578421592712,-0.01099608838558197,0.40301162004470825,0.6831172108650208,-0.023592248558998108,0.4218974709510803,0.7002213001251221,-0.02741609327495098,0.44914811849594116,0.6072597503662109,-0.001079912413842976,0.38377371430397034,0.6401436924934387,-0.017668643966317177,0.394059419631958,0.6839092969894409,-0.019662026315927505,0.41410019993782043,0.694951057434082,-0.01760181598365307,0.42901259660720825,0.6094554662704468,-0.014330267906188965,0.3805745244026184,0.647150993347168,-0.026413757354021072,0.3887908458709717,0.682458758354187,-0.028249409049749374,0.4069196283817291,0.6886396408081055,-0.025851508602499962
0.4742738604545593,0.757520854473114,-4.374329307665903e-07,0.44828540086746216,0.7293683886528015,0.003032746259123087,0.43089112639427185,0.6910949349403381,0.0015196477761492133,0.4177360236644745,0.6678391695022583,-0.004273585043847561,0.4045550525188446,0.6517012119293213,-0.007313402835279703,0.470123827457428,0.6202175617218018,0.02361859753727913,0.4096211791038513,0.6422973871231079,0.00107926269993186,0.4081536829471588,0.6808410286903381,-0.01801886595785618,0.42177942395210266,0.7049149870872498,-0.027071615681052208,0.4614996612071991,0.60887211561203,0.013946076855063438,0.3911113739013672,0.6422595381736755,-0.0074781510047614574,0.40068939328193665,0.6854890584945679,-0.01986241526901722,0.42033669352531433,0.702022910118103,-0.023114653304219246,0.44743987917900085,0.6049982905387878,0.0008488447056151927,0.3810034990310669,0.6420563459396362,-0.016848783940076828,0.39409008622169495,0.686538815498352,-0.01996157318353653,0.4149734079837799,0.6985881924629211,-0.017678549513220787,0.4295118749141693,0.6073378324508667,-0.013251157477498055,0.38000595569610596,0.6420782804489136,-0.025675421580672264,0.3893992304801941,0.6769466400146484,-0.027378754690289497,0.4076671600341797,0.6848827004432678,-0.02429904416203499
0.4739454686641693,0.7629563212394714,-4.565278572954412e-07,0.4373790919780731,0.7389547824859619,0.0003836390096694231,0.42096829414367676,0.698863685131073,-0.0013111698208376765,0.4109518826007843,0.672760009765625,-0.00656467117369175,0.40128660202026367,0.6520644426345825,-0.008394052274525166,0.468391478061676,0.6209584474563599,0.02330537885427475,0.40995216369628906,0.6400423645973206,-0.00033270686981268227,0.40996888279914856,0.6791412830352783,-0.0194636732339859,0.4257882833480835,0.7046687602996826,-0.027892468497157097,0.462383896112442,0.6105002760887146,0.015260731801390648,0.39150410890579224,0.6425580382347107,-0.006948116235435009,0.4004737138748169,0.686547040939331,-0.01864336058497429,0.42137885093688965,0.7017936110496521,-0.021024683490395546,0.45018982887268066,0.6066690683364868,0.003166337264701724,0.3826413154602051,0.6440284252166748,-0.015027050860226154,0.3943236172199249,0.6872832775115967,-0.016976671293377876,0.41568127274513245,0.6974533200263977,-0.013708810321986675,0.43320778012275696,0.608582079410553,-0.010180545970797539,0.3803868591785431,0.6426011323928833,-0.02226465381681919,0.3897409439086914,0.6785988211631775,-0.022901112213730812,0.4092722237110138,0.6861616969108582,-0.01881382241845131
0.47064340114593506,0.7653185129165649,-4.478855260003911e-07,0.4344307482242584,0.7383175492286682,0.00222472520545125,0.4182227849960327,0.6969209313392639,0.0021146596409380436,0.4079716205596924,0.6726192235946655,-0.0017836246406659484,0.3983202576637268,0.6524629592895508,-0.0026705048512667418,0.4712274372577667,0.622733473777771,0.026621544733643532,0.41569775342941284,0.6451650261878967,0.006275441963225603,0.4123220145702362,0.6803203821182251,-0.012142744846642017,0.42440086603164673,0.7017579674720764,-0.02099582925438881,0.46356910467147827,0.6110902428627014,0.018387390300631523,0.3938983380794525,0.6458653807640076,-0.0009211455471813679,0.4006233215332031,0.6869978904724121,-0.013483092188835144,0.42032045125961304,0.7002060413360596,-0.017274683341383934,0.45001891255378723,0.6063618659973145,0.006513692904263735,0.38398152589797974,0.6457256078720093,-0.008209661580622196,0.393474817276001,0.685869038105011,-0.011514151468873024,0.4129244089126587,0.6934089064598083,-0.01031296793371439,0.43135225772857666,0.6069847345352173,-0.006587102543562651,0.3813728094100952,0.6435467004776001,-0.015868326649069786,0.38950079679489136,0.6782691478729248,-0.01690496690571308,0.40727174282073975,0.6843183636665344,-0.014033318497240543
0.47322237491607666,0.7662697434425354,-4.580180927860056e-07,0.43796637654304504,0.7407858967781067,0.002112963469699025,0.42168372869491577,0.7018390893936157,0.0005549018969759345,0.41058576107025146,0.6732518076896667,-0.004714429844170809,0.40056657791137695,0.6506167650222778,-0.006773003377020359,0.4733104109764099,0.6257100105285645,0.023098500445485115,0.4088939130306244,0.6470387578010559,-0.00018652886501513422,0.4058908522129059,0.6840274930000305,-0.020531898364424706,0.4190058410167694,0.7057198286056519,-0.030546536669135094,0.46661442518234253,0.6128520965576172,0.014189442619681358,0.3921104669570923,0.6443299055099487,-0.006928166374564171,0.399655818939209,0.6863303184509277,-0.019558290019631386,0.41981080174446106,0.7005846500396729,-0.023570705205202103,0.4528968036174774,0.606777548789978,0.0017456745263189077,0.3826928436756134,0.6429808139801025,-0.014379099942743778,0.39317795634269714,0.6849460601806641,-0.016153166070580482,0.4139194190502167,0.6942660808563232,-0.01395025011152029,0.4331948161125183,0.6066127419471741,-0.012058272957801819,0.3809093236923218,0.6416453719139099,-0.02273958921432495,0.3895305097103119,0.6766595244407654,-0.023404395207762718,0.4085010588169098,0.6833332180976868,-0.02012225240468979
0.4731135368347168,0.7679447531700134,-4.7200717290252214e-07,0.43515080213546753,0.7442254424095154,0.002021013293415308,0.41947346925735474,0.7050532698631287,0.0013490329729393125,0.41080543398857117,0.6777070164680481,-0.0029598798137158155,0.4024421274662018,0.6520205140113831,-0.0037490203976631165,0.4710187017917633,0.628057062625885,0.024148667231202126,0.40520551800727844,0.6480850577354431,0.0007824021158739924,0.402913898229599,0.6855723857879639,-0.01964517869055271,0.4164273142814636,0.7067597508430481,-0.029663631692528725,0.46564602851867676,0.6152637004852295,0.01583152450621128,0.3902963399887085,0.6450015306472778,-0.005892301443964243,0.39855703711509705,0.6884397864341736,-0.018971722573041916,0.41939428448677063,0.7014181613922119,-0.022987281903624535,0.453261137008667,0.6072563529014587,0.0038658042903989553,0.38196471333503723,0.6435481309890747,-0.011962763965129852,0.39294177293777466,0.6862883567810059,-0.0140633350238204,0.4136946499347687,0.6941665410995483,-0.012048742733895779,0.4349348843097687,0.6048344373703003,-0.009562311694025993,0.38143065571784973,0.64218670129776,-0.019677113741636276,0.38990455865859985,0.6773963570594788,-0.020823312923312187,0.4084736406803131,0.6820533275604248,-0.017947280779480934
0.47271010279655457,0.771781861782074,-4.879543098468275e-07,0.433310329914093,0.7475534081459045,0.0032085466664284468,0.4172709882259369,0.7080164551734924,0.0027064653113484383,0.40823331475257874,0.6813281178474426,-0.0019164718687534332,0.3998503088951111,0.6555405259132385,-0.003813694231212139,0.4732699990272522,0.6336753368377686,0.026918847113847733,0.4124002754688263,0.6572244763374329,0.00408598966896534,0.4043746590614319,0.6893376111984253,-0.017060531303286552,0.4109403192996979,0.7101369500160217,-0.027456406503915787,0.46666285395622253,0.6195511817932129,0.017827153205871582,0.3918769955635071,0.6479597091674805,-0.00439704954624176,0.3980805575847626,0.6894580721855164,-0.01871906779706478,0.41692420840263367,0.7058734893798828,-0.023045646026730537,0.4534305930137634,0.6094728112220764,0.005146931391209364,0.38123220205307007,0.6443173885345459,-0.011153271421790123,0.3926466703414917,0.6855714917182922,-0.01498477254062891,0.41332876682281494,0.6957080960273743,-0.013604586943984032,0.43471968173980713,0.6054030060768127,-0.008787181228399277,0.3807881772518158,0.6408679485321045,-0.019050290808081627,0.38965344429016113,0.6752468347549438,-0.02075568586587906,0.40824735164642334,0.6815967559814453,-0.018168943002820015
0.4719409644603729,0.7734712362289429,-4.906946742266882e-07,0.4308246076107025,0.7480606436729431,0.003938701003789902,0.41702336072921753,0.7079560160636902,0.003053736872971058,0.40893298387527466,0.6787724494934082,-0.00242794631049037,0.3994453251361847,0.652112603187561,-0.0047693136148154736,0.471215158700943,0.6275957822799683,0.027240831404924393,0.40613484382629395,0.6468996405601501,0.0030698163900524378,0.40167325735092163,0.6859742403030396,-0.017825597897171974,0.41355419158935547,0.7118536233901978,-0.027390368282794952,0.46632441878318787,0.6156450510025024,0.01734916865825653,0.38907647132873535,0.6432417631149292,-0.00522893900051713,0.396602988243103,0.6880086660385132,-0.018888579681515694,0.41699010133743286,0.7050420045852661,-0.022574646398425102,0.45430245995521545,0.6086709499359131,0.003712079953402281,0.38001295924186707,0.6415587067604065,-0.013878758065402508,0.3912167549133301,0.6865628957748413,-0.01699553057551384,0.41281658411026,0.6987245678901672,-0.014595654793083668,0.4361039996147156,0.6071170568466187,-0.011051219888031483,0.3802688419818878,0.6399984359741211,-0.02170708402991295,0.38931766152381897,0.6765334606170654,-0.022537343204021454,0.4088716506958008,0.6854450106620789,-0.018834339454770088
0.4666934311389923,0.7735587358474731,-4.353889266894839e-07,0.4261768162250519,0.7443565726280212,0.0026719500310719013,0.412543922662735,0.7057727575302124,0.001164023531600833,0.4051317870616913,0.6807973384857178,-0.004646508488804102,0.3980286121368408,0.6561580896377563,-0.00812474638223648,0.4705970585346222,0.6318091750144958,0.026607131585478783,0.41504937410354614,0.6561299562454224,0.004214235115796328,0.40776774287223816,0.6834570169448853,-0.017504550516605377,0.414450079202652,0.7003644704818726,-0.028672846034169197,0.4653213620185852,0.6181320548057556,0.017243029549717903,0.3919258117675781,0.6485389471054077,-0.005030854605138302,0.3974631130695343,0.688865065574646,-0.020863540470600128,0.4160316288471222,0.7045049071311951,-0.02650214545428753,0.4533611238002777,0.6085860729217529,0.0043180761858820915,0.3818308711051941,0.6456494927406311,-0.012219241820275784,0.3922613859176636,0.6852755546569824,-0.01754915341734886,0.4121279716491699,0.6952738165855408,-0.017151862382888794,0.4357073903083801,0.6055875420570374,-0.009879989549517632,0.38179564476013184,0.64140784740448,-0.02013668417930603,0.3899957239627838,0.6749268770217896,-0.022399406880140305,0.4078095555305481,0.6824252605438232,-0.020275412127375603
0.4686717987060547,0.7737734317779541,-4.827481348002038e-07,0.427550345659256,0.745531439781189,0.005803654436022043,0.41428127884864807,0.7058755159378052,0.006230785045772791,0.4073103368282318,0.680987536907196,0.001722646877169609,0.40058255195617676,0.6562969088554382,-0.00012742713443003595,0.4710959792137146,0.6311943531036377,0.030986672267317772,0.41067054867744446,0.6540287733078003,0.010325195267796516,0.40355899930000305,0.6874927878379822,-0.009599925018846989,0.41128718852996826,0.706580638885498,-0.01960151642560959,0.46597057580947876,0.6174471378326416,0.020421460270881653,0.3902861475944519,0.6465045213699341,0.000835541810374707,0.395934134721756,0.6885446310043335,-0.012874765321612358,0.41482454538345337,0.702926754951477,-0.0175457913428545,0.4546721577644348,0.6080447435379028,0.006430473178625107,0.38185080885887146,0.6431765556335449,-0.007442825008183718,0.3919064700603485,0.6844298243522644,-0.010791696608066559,0.41189321875572205,0.6936830878257751,-0.009922312572598457,0.4371997117996216,0.6039339303970337,-0.008780238218605518,0.3822741210460663,0.6387256383895874,-0.016724951565265656,0.3897588849067688,0.6737311482429504,-0.017352502793073654,0.40742358565330505,0.68120276927948,-0.014499276876449585
0.4726984202861786,0.7791879773139954,-4.6451998514385195e-07,0.43176746368408203,0.7452695369720459,0.005271092988550663,0.418662965297699,0.7019938826560974,0.005303512793034315,0.4115285277366638,0.6744399070739746,0.00029442799859680235,0.4029819369316101,0.6504516005516052,-0.0013159140944480896,0.4727220833301544,0.6284660696983337,0.029199227690696716,0.40649762749671936,0.6454486846923828,0.005741660017520189,0.4055042564868927,0.684914767742157,-0.014832560904324055,0.4209839403629303,0.7058415412902832,-0.024946020916104317,0.4679853022098541,0.6169199347496033,0.018013928085565567,0.3910549283027649,0.6419253349304199,-0.004529834259301424,0.3991166353225708,0.6864959597587585,-0.018131446093320847,0.42053306102752686,0.6997790336608887,-0.022316716611385345,0.4564535617828369,0.6103264093399048,0.0030558269936591387,0.38313671946525574,0.6404213905334473,-0.0138035723939538,0.3937065601348877,0.6844879388809204,-0.015803184360265732,0.415921151638031,0.693159818649292,-0.013469633646309376,0.43892547488212585,0.6087788343429565,-0.013252640143036842,0.3833601474761963,0.6408095359802246,-0.02270204946398735,0.39149805903434753,0.6769360303878784,-0.022797858342528343,0.41151535511016846,0.6839004158973694,-0.019344530999660492
0.47427818179130554,0.7797380089759827,-4.594318170347833e-07,0.4315198063850403,0.74992835521698,0.0035752186086028814,0.4182245433330536,0.7072580456733704,0.002505192533135414,0.4105902314186096,0.6795638203620911,-0.002971807960420847,0.40058064460754395,0.654009222984314,-0.005019630771130323,0.47133931517601013,0.6247956156730652,0.02707793563604355,0.40441736578941345,0.645869255065918,0.003283395664766431,0.4034135043621063,0.6848594546318054,-0.018144484609365463,0.4181685447692871,0.7052233219146729,-0.02892739325761795,0.46719861030578613,0.6143020391464233,0.016781650483608246,0.38945719599723816,0.6411169767379761,-0.005725695751607418,0.3983408808708191,0.6869531869888306,-0.019714253023266792,0.4195440709590912,0.7014738321304321,-0.024067481979727745,0.4559052288532257,0.6092655658721924,0.0028260373510420322,0.38150379061698914,0.639487087726593,-0.013840208761394024,0.392798513174057,0.684531569480896,-0.01570754684507847,0.41427138447761536,0.693980872631073,-0.01318272203207016,0.4384121000766754,0.6098324656486511,-0.01255844533443451,0.3826504945755005,0.6417324542999268,-0.022041143849492073,0.3912675678730011,0.6781177520751953,-0.02191624790430069,0.41057318449020386,0.6848896741867065,-0.018094317987561226
0.4742147624492645,0.7786651253700256,-4.7120175850068335e-07,0.43018126487731934,0.7496335506439209,0.003795010969042778,0.41444775462150574,0.7070695161819458,0.003518173238262534,0.4047333896160126,0.6787316203117371,-0.0012376889353618026,0.39507728815078735,0.652298629283905,-0.002651952439919114,0.47226983308792114,0.6262202858924866,0.029023483395576477,0.40977317094802856,0.6469699144363403,0.0063618202693760395,0.4083356559276581,0.6848804950714111,-0.014044436626136303,0.42323100566864014,0.7065222263336182,-0.02384847402572632,0.46776479482650757,0.6135482788085938,0.019174929708242416,0.3909437656402588,0.6451916694641113,-0.002016190206632018,0.39904358983039856,0.6885485053062439,-0.01568608544766903,0.42068424820899963,0.7017361521720886,-0.019913325086236,0.45684871077537537,0.606971263885498,0.005580894183367491,0.3833630084991455,0.642964243888855,-0.01012661587446928,0.39453715085983276,0.6857196092605591,-0.012579626403748989,0.41578105092048645,0.6936823725700378,-0.010527214035391808,0.439594566822052,0.6062122583389282,-0.009344681166112423,0.38486945629119873,0.6403228044509888,-0.018376536667346954,0.3938209116458893,0.6762845516204834,-0.018258510157465935,0.4128681421279907,0.6829476356506348,-0.014284786768257618
0.4732796847820282,0.7795872688293457,-5.047346576247946e-07,0.42901936173439026,0.7575064897537231,0.00228181853890419,0.41371870040893555,0.7190490961074829,0.001377110369503498,0.40561169385910034,0.69313645362854,-0.003671712940558791,0.3978888690471649,0.6666127443313599,-0.005895294714719057,0.4728219509124756,0.6351132988929749,0.026477644219994545,0.40676626563072205,0.6544139981269836,0.0036241833586245775,0.40239351987838745,0.6917747259140015,-0.017017491161823273,0.4150981605052948,0.7151243686676025,-0.02643660642206669,0.4684118330478668,0.6254563927650452,0.018302809447050095,0.3928036391735077,0.645524263381958,-0.004086185246706009,0.39880499243736267,0.6895585656166077,-0.01877332106232643,0.41827312111854553,0.7087547779083252,-0.022781871259212494,0.4575485587120056,0.6169963479042053,0.00664094602689147,0.38432642817497253,0.6428084373474121,-0.009616448543965816,0.3939110338687897,0.68620765209198,-0.014023127034306526,0.41497573256492615,0.6989815831184387,-0.012422929517924786,0.4409632980823517,0.6120572090148926,-0.006204988341778517,0.3839024305343628,0.6402652859687805,-0.014892039820551872,0.3904568552970886,0.676723062992096,-0.015539165586233139,0.4086972177028656,0.6873189806938171,-0.011826095171272755
0.4723106026649475,0.7780858278274536,-4.766671111156029e-07,0.4294838309288025,0.7575336694717407,0.0003238094213884324,0.41365107893943787,0.7206939458847046,-0.0017801864305511117,0.40389636158943176,0.694195568561554,-0.007438530679792166,0.3945886194705963,0.6666768193244934,-0.00976487435400486,0.4723527133464813,0.6334165334701538,0.023975055664777756,0.4076411724090576,0.6526713967323303,0.0008147787884809077,0.4036373496055603,0.6889992356300354,-0.01952550560235977,0.41637906432151794,0.7118247151374817,-0.02880038321018219,0.46695154905319214,0.6243404746055603,0.01655288226902485,0.39129194617271423,0.6455869078636169,-0.005300689022988081,0.3969400227069855,0.6880622506141663,-0.018822336569428444,0.4158591032028198,0.7058461308479309,-0.022450320422649384,0.4552619457244873,0.617210865020752,0.005492118187248707,0.3833267092704773,0.6437788605690002,-0.01057056337594986,0.3923695385456085,0.6858206391334534,-0.013334597460925579,0.41212284564971924,0.6975998878479004,-0.010924408212304115,0.43829065561294556,0.6144087910652161,-0.006958134938031435,0.38404321670532227,0.6424278020858765,-0.015492582693696022,0.38988012075424194,0.6781819462776184,-0.015258554369211197,0.40678030252456665,0.6881330609321594,-0.010985968634486198
0.5054395794868469,0.9137743711471558,-5.533603371077334e-07,0.46669912338256836,0.872811496257782,0.007988577708601952,0.4187234938144684,0.832921028137207,0.005253835581243038,0.3784653842449188,0.824019193649292,-0.001031615654937923,0.35019463300704956,0.834100604057312,-0.0063368226401507854,0.4084815979003906,0.7529823184013367,0.0013357598800212145,0.3392939269542694,0.8044740557670593,-0.017374534159898758,0.35744673013687134,0.8402667045593262,-0.027828456833958626,0.38065728545188904,0.8419615030288696,-0.03231199458241463,0.4074130058288574,0.7643009424209595,-0.010217615403234959,0.3368222117424011,0.820491373538971,-0.02600928209722042,0.3569962978363037,0.8573473691940308,-0.028675757348537445,0.37864628434181213,0.8571246266365051,-0.029099876061081886,0.4068808853626251,0.7902750968933105,-0.02235124632716179,0.33917003870010376,0.8421130776405334,-0.03592943772673607,0.36084461212158203,0.879754900932312,-0.027846626937389374,0.38378846645355225,0.880333662033081,-0.021125897765159607,0.4060496687889099,0.8248330354690552,-0.03409772738814354,0.35492098331451416,0.8694839477539062,-0.04550626501441002,0.37312155961990356,0.9003486037254333,-0.040002040565013885,0.3959469497203827,0.9008556604385376,-0.03348417207598686
